,top_terms
0,#wellness #cleaneats #paleo #healthymeals #healthyinspo #plantpower #thenewhealth #foodblogger #grainfree #fitness #healthylife #healthyfood #foodie #glutenfree #healthy #foodgrams #mbg #thefeedfeed #whatveganseat #vegans seeds #vegetarian bowl cacao yogurt #vegan topped almond maple nibs oats syrup milk sea recipe kitehillfoods salt sweet sunflower greek #plantbased overnight butter frozen potato #avocado blueberries roasted #healthyrecipe maca powder vanilla avocado nuzest_usa #veganprotein chia #oatporn zucchini loaded ground #sweetpotato soaked morning #toasttuesday coconut blend healthful_radiance chunks peanut thick flax #cleaneating #buddhabowl granola bread banana chocolate tbsp #hummus toasted #smoothie tablespoons cinnamon favorite #toastsforall details cashew #plantbasedprotein #thefeedfeedbaking #healthybreakfast scoops breakfast pumpkin #vegansmoothie strawberries #chocolateoats carrot avo cup grain
1,body weight healthy look food bodies eat image health gain real thoughts eating #expectationvsreality foods less control #instagramvsreality photos change certain matter normal bad skin accept diet exercise negative important self monday comments mind cellulite worth fat #bodyimage changes okay appearance beauty physical lifestyle #bodyacceptance someone size disorder different #bodyimagemovement loss power online looks kinder mirror believe beautiful instead #selftalk constantly etc stop #bekindtoyourmind hunger freedom mean enough binge human lose recovery #bodyimagehealing #realpost sometimes relationship media fit #selfconfidence #selfesteem #igvsreality accepting #empowerment compare #bekindtoyourself #beautystandards live gained changing #dontcompare unhealthy become positive #femaleempowerment needs marks mindset towards #effyourbeautystandards comfortable
2,night went evening home afternoon morning coffee tonight dinner birthday drink fun bed run wine lovely drinking prosecco ate yesterday breakfast gin last watching jigsaw tea happy sparkly baby games weather sunday house family favourite drinks later tomorrow #clefood raspberryrose millionaires #clevelandfood scone hours reception thyme frothed wind christmas spa ice icecream drank caffeine sleep little lemonem_ily saturday snuggled metal shortbread oh stitch toys floor alcohol takeaway came cold au #clevelandblogger theloxbagelshop cats pies straw alcoholic tasting #nourishyoursoul rain mocktails sister lunch mutti clown giant friends candles #cleveland bottle mince game played shopping bubbles dylan bedrooms river houses board tub
3,therapy session talk bit talking therapist asked ok felt talked maybe stuff end told quite parents started away able difficult tell last thought hard trying went baby done though relationship mum situation child adult feels faith wanted feelings happened sessions nodded next whether yes might couple face head weeks brain stay came sometimes although ago eventually point childhood thing lot part knew needed feeling ask wrong times run sent school anxiety client replied keep therapists upset managed getting hmm telling seems understand words text texted till probably come sat conversation skype uh home sense running ended tried connection anything helpful
4,support disorders alliance #notonemore disorder individuals allianceforeatingdisorders please com help visit national resources eating recovery awareness alliancefored mental struggling link led groups partnering call community #itstimeforchange virtual founder register #eatingdisordersawarenessweek est services loved join reach bio ceo #edaw explore johannakandel #givehopeday candid health donate tap #eatingdisordersawareness fireside free care alone conversation treatment annual thrilled february fund honor group #mentalhealthawareness clinician org th florida discriminate share someone access hope announce experiencing thank donation weekly featuring head shares organization provide insidious available stigma illness therapist lgbtq funds raise proud watch #thealliance south www referrals tampa journey month #givingtuesday continue i_weigh donations providing
5,cup ingredients flour chocolate pinch coconut tbsp batter bake butter vanilla mix powder pan splash combined add oven stir syrup smooth maple #healthyfood recipe #chocolate baking pour sea blend #healthymeals salt #foodie oat almond #healthylife #healthyinspo forms #glutenfree dry #foodblogger chips loaf melted set #reels milk cinnamon uniform #plantpower wet fridge #foodgrams peanut #thefeedfeed #healthy minutes thick cookie grease completely parchment dough bowl transfer top cool banana oil sugar choice #mbg processor gluten vegan #thefeedfeedbaking brownie #healthybaking cups eggs creamy #veganbaking #wellness #cleaneats #baking #thenewhealth cooled pumpkin cacao ripe mixture salted combine lined free tin mixing #paleo paper protein #grainfree
6,guys purpose new share solo living year world coaching dm live holly self learn video date confidence grateful program vlog big take joy social work best journey taking story definitely excited youtube australia yoga ps truly amandavsevilla send learning change lot inner flourish simply #solodate path travel women enjoy travelling content come vlogs thank happiness working media apply start feeling ad #hollygoessolo whilst honestly years shoutout #selfcare bi past clients fun videos channel choose happy limiting ep beliefs bio code show person clarity veganmutti moments #mantramonday present instagram crazy questions career thailand application plant energy future practice alignment #soloadventure true
7,oil garlic olive cook add salt onion bowl roasted sea diced avocado minutes cheese meal sauce vegan water carrots rice kale hummus red heat beans cauliflower pasta chopped toss #whatveganseat veggies cream tomatoes protein boil cooked soft veggie spices cumin sweet sauté tomato meals #dinner dinner favorite stirring hearty curry lunch dressing browned generous #vegans plant bowls broccoli stovetop vegetable onions spinach greens potato tahini pepper medium based quinoa steamed recipe chickpeas fragrant creamy rinsed simmer slices salad squash pot drained tossed #veganmeal pesto #vegandinner flavor cashew cooking sautéed #grainbowl broth butternut #foodie recipes #healthyfood powder foods lentils chickpea eat
8,#allianceforeda shit #yourpathtorecovery #mentalhealth #recovery #findedhelp #edrecovery #eatingdisorder #quoteoftheweek selected laurieyurchuck ur #eatingdisorderrecovery fucking #eatingdisorders #yougotthis bc #inspirationalquotes #quotes #inspiration fuck lol ed gonna #edwarrior #support #recoveryispossible #mentalwellness #aeda #anxiety #allianceforeatingdisorders wanna #helpisavailable #edfighter #prorecovery recovery #mentalillness literally #lifebeyondyoureatingdisorder ass #hope #stigma #southernsmash rly #depression #smashthestigma #inspriation #quote #youarenotalone bitch ppl #healing #recoverywarrior #edawareness #keepgoing idk #edtreatement #youareworthy yal #mondaymotivation thru dumb hate thinspo #edwarriors fuckin lmao skinny nobody sick abt #thealliance #trusttheprocess die money man shitty #bodyimage art tags fucked #strength aint yano #courage urself sorry #growth triggering #fondedhelp tho anyways anymore rage weed #testimonial ill #volunteer #trustyourself #supportgroupssavelives
9,#crueltyfree #veganfitness #veganism #lowfat #hclf #girl #freeleethebananagirl #rt #rawtil #carbs #nature #raw #freelee #veganfood #carbthefuckup #compassion #fruitbats #foodshare #veganpower #bananagirl #ctfu #love #highcarblowfat #vegangains #vegan #gofruityourself #fruitaddict #photography #frugivore #plantbased #frugitarian #healthynotskinny #bananagirldiet #vegansofig #strongnotskinny #fitness ed shit recovery #healthy butimpissed imtrying #edrecovery blogs tumblr oh blog lol reblog tags ana thank deactivated art amazing emlemon_ artists hey pro thanks inpatient purplebuddhaquotes gilbert artistic gonna #rishikesh cursed fuck proana trailer posts bullshit thankyou literally assure thinspo anon pod #rishikeshdiaries buzzing holy #yogaeverydamnday minded england sorry triggering powerless notion forgive unit linseed twitter materials #india palpitationstation houses lousydrawingsforgoodpeople nice veggieseasoninggg resume
